,ICT_Export,ICT_Import,Exchange_Rate,GFCF_Total_Real,Software_Investment,Corporate_Loan_Rate,GFCF_InfoComm_Quarterly,전기기기 및 장치_계절조정지수,전기기기 및 장치_원지수,컴퓨터사무용기계_계절조정지수,컴퓨터사무용기계_원지수,특수산업용기계_계절조정지수,특수산업용기계_원지수
1995-01-01,,,,,,11.14,2600.8,60.9,50.6,15.7,15.3,80.1,71.0
1995-02-01,,,,,,11.14,2755.1,60.9,50.6,15.7,15.3,80.1,71.0
1995-03-01,,,,,,11.14,2976.8,79.4,85.7,16.0,18.0,80.1,71.0
1995-04-01,,,,,,11.14,3043.9,55.6,56.5,17.2,17.9,80.1,71.0
1995-05-01,,,,,,11.14,3059.8333333333335,78.4,75.4,18.6,18.8,80.1,71.0
1995-06-01,,,,,,11.14,3075.766666666667,81.4,86.3,19.7,19.4,80.1,71.0
1995-07-01,,,,,,11.14,3091.7000000000003,87.5,78.7,19.7,18.4,80.1,71.0
1995-08-01,,,,,,11.14,3107.6333333333337,74.4,78.0,18.5,17.5,80.1,71.0
1995-09-01,,,,,,11.14,3123.5666666666666,68.0,69.0,19.2,17.1,80.1,71.0
1995-10-01,,,,,,11.14,3139.5,69.5,69.9,19.4,18.4,80.1,71.0
1995-11-01,,,,,,11.14,3155.4333333333334,75.0,78.7,20.2,20.5,80.1,71.0
1995-12-01,,,,,,11.14,3171.366666666667,76.5,84.0,20.6,23.4,80.1,71.0
1996-01-01,,,,,,11.14,3187.3,68.1,66.9,18.2,18.5,80.1,71.0
1996-02-01,,,,,,11.21,3343.4,66.2,55.6,25.4,24.7,80.1,71.0
1996-03-01,,,,,,11.11,3624.5,69.6,73.6,23.2,25.8,80.1,71.0
1996-04-01,,,,,,10.91,3625.6,76.2,77.5,24.1,25.0,80.1,71.0
1996-05-01,,,,,,11.1,3628.8444444444444,71.8,68.9,24.1,24.2,80.1,71.0
1996-06-01,,,,,,11.15,3632.088888888889,64.2,68.0,25.0,24.5,80.1,71.0
1996-07-01,,,,,,10.85,3635.3333333333335,85.6,78.4,23.6,22.3,80.1,71.0
1996-08-01,,,,,,10.86,3638.577777777778,79.1,82.9,26.2,24.8,80.1,71.0
1996-09-01,,,,,,10.88,3641.822222222222,80.0,77.0,24.0,20.9,80.1,71.0
1996-10-01,,,,,,10.89,3645.0666666666666,81.2,84.8,24.5,23.5,80.1,71.0
1996-11-01,,,,,,10.7,3648.311111111111,58.5,61.5,23.8,24.2,80.1,71.0
1996-12-01,,,,,,10.94,3651.5555555555557,61.7,67.5,25.8,29.4,80.1,71.0
1997-01-01,,,,,,11.25,3654.8,86.6,85.7,25.0,25.4,80.1,71.0
1997-02-01,,,,,,11.21,3853.0,75.9,62.9,23.9,22.8,80.1,71.0
1997-03-01,,,,,,11.33,4251.3,79.5,84.0,24.8,27.7,80.1,71.0
1997-04-01,,,,,,11.34,4202.8,83.0,86.2,24.8,26.2,80.1,71.0
1997-05-01,,,,,,11.24,4160.666666666667,85.9,80.6,25.5,25.2,80.1,71.0
1997-06-01,,,,,,11.26,4118.533333333334,81.6,85.8,24.6,24.1,80.1,71.0
1997-07-01,,,,,,11.31,4076.4,78.4,71.4,25.3,23.8,80.1,71.0
1997-08-01,,,,,,11.52,4034.266666666667,77.1,79.4,24.3,22.6,80.1,71.0
1997-09-01,,,,,,11.71,3992.133333333333,81.4,81.1,23.9,21.2,80.1,71.0
1997-10-01,,,,,,11.62,3950.0,49.0,50.8,25.8,24.9,80.1,71.0
1997-11-01,,,,,,12.17,3907.866666666667,50.9,52.4,25.2,25.2,80.1,71.0
1997-12-01,,,,,,14.98,3865.733333333333,75.7,81.9,24.0,27.5,80.1,71.0
1998-01-01,,,,,,17.44,3823.6,50.6,48.1,24.1,23.4,80.1,71.0
1998-02-01,,,,,,17.09,4045.1,56.3,48.4,23.1,22.6,80.1,71.0
1998-03-01,,,,,,17.14,4511.8,51.2,55.3,18.9,21.5,80.1,71.0
1998-04-01,,,,,,17.19,4416.6,33.7,35.7,17.5,18.6,80.1,71.0
1998-05-01,,,,,,17.04,4438.7444444444445,34.3,32.0,16.4,16.1,80.1,71.0
1998-06-01,,,,,,16.52,4460.888888888889,36.3,37.9,14.6,14.3,80.1,71.0
1998-07-01,,,,,,15.51,4483.033333333334,34.3,31.1,16.4,15.4,80.1,71.0
1998-08-01,,,,,,14.95,4505.177777777778,37.0,38.1,15.8,14.7,80.1,71.0
1998-09-01,,,,,,14.18,4527.322222222222,35.7,35.8,20.4,18.8,80.1,71.0
1998-10-01,,,,,,12.81,4549.466666666666,39.9,42.3,20.4,19.4,80.1,71.0
1998-11-01,,,,,,11.62,4571.611111111111,30.2,31.2,25.4,25.3,80.1,71.0
1998-12-01,,,,,,10.96,4593.7555555555555,33.8,36.8,25.8,30.1,80.1,71.0
1999-01-01,,,,,,10.64,4615.9,35.3,34.8,30.4,30.2,80.1,71.0
1999-02-01,,,,,,10.21,5030.8,66.5,54.7,31.1,29.1,80.1,71.0
1999-03-01,,,,,,9.84,5502.8,57.2,61.9,30.7,35.2,80.1,71.0
1999-04-01,,,,,,9.28,5865.8,51.0,53.0,37.9,39.8,80.1,71.0
1999-05-01,,,,,,8.68,5918.0,62.4,56.9,43.6,41.9,80.1,71.0
1999-06-01,,,,,,8.55,5970.2,54.9,59.1,45.8,46.0,80.1,71.0
1999-07-01,,,,,,8.41,6022.400000000001,56.1,50.6,43.8,41.2,80.1,71.0
1999-08-01,,,,,,8.39,6074.6,52.3,55.3,44.6,42.0,80.1,71.0
1999-09-01,,,,,,8.41,6126.8,54.5,54.1,41.4,37.3,80.1,71.0
1999-10-01,,,,,,8.26,6179.0,54.0,57.2,36.2,35.3,80.1,71.0
1999-11-01,,,,,,8.13,6231.200000000001,52.5,55.5,60.7,61.1,80.1,71.0
1999-12-01,,,,,,8.17,6283.400000000001,61.8,66.5,50.2,58.7,80.1,71.0
2000-01-01,,,,,,8.22,6335.6,66.0,62.7,56.9,51.6,80.1,71.0
2000-02-01,,,,,,8.24,6745.6,57.3,51.6,56.9,53.8,80.1,71.0
2000-03-01,,,,,,8.44,6968.1,58.4,62.4,54.6,64.8,80.1,71.0
2000-04-01,,,,,,8.2,7378.2,61.5,60.9,60.1,62.9,80.1,71.0
2000-05-01,,,,,,8.24,7431.188888888889,49.5,48.3,61.0,56.3,80.1,71.0
2000-06-01,,,,,,8.21,7484.177777777778,54.3,54.5,60.8,60.3,80.1,71.0
2000-07-01,,,,,,8.15,7537.166666666667,56.2,49.9,65.2,61.0,80.1,71.0
2000-08-01,,,,,,8.02,7590.155555555556,57.3,61.6,84.4,70.5,80.1,71.0
2000-09-01,,,,,,8.09,7643.144444444444,58.1,56.8,62.0,60.5,80.1,71.0
2000-10-01,,,,,,8.13,7696.133333333333,59.7,62.5,61.9,64.4,80.1,71.0
2000-11-01,,,,,,8.11,7749.122222222222,61.5,64.4,55.5,54.6,80.1,71.0
2000-12-01,,,,,,8.11,7802.111111111111,53.9,56.9,57.4,70.0,80.1,71.0
2001-01-01,,,,,,8.23,7855.1,55.3,51.8,60.7,53.2,80.1,71.0
2001-02-01,,,,,,8.05,8026.3,48.1,42.3,52.4,50.9,80.1,71.0
2001-03-01,,,,,,8.02,8161.0,52.7,56.2,56.7,67.5,80.1,71.0
2001-04-01,,,,,,7.85,8773.0,52.2,53.6,57.1,60.1,80.1,71.0
2001-05-01,,,,,,7.74,8826.155555555555,51.3,52.1,51.2,47.5,80.1,71.0
2001-06-01,,,,,,7.61,8879.31111111111,67.6,68.0,63.4,63.0,80.1,71.0
2001-07-01,,,,,,7.55,8932.466666666667,52.8,47.0,54.3,50.6,80.1,71.0
2001-08-01,,,,,,7.29,8985.622222222222,55.4,59.3,50.5,42.6,80.1,71.0
2001-09-01,,,,,,7.12,9038.777777777777,54.6,53.7,51.8,51.6,80.1,71.0
2001-10-01,,,,,,6.93,9091.933333333332,54.1,58.5,63.1,64.6,80.1,71.0
2001-11-01,,,,,,6.78,9145.08888888889,44.0,45.8,60.4,59.6,80.1,71.0
2001-12-01,,,,,,6.69,9198.244444444445,53.3,56.5,63.3,76.8,80.1,71.0
2002-01-01,,,,,,6.69,9251.4,81.4,78.4,60.0,55.6,80.1,71.0
2002-02-01,,,,,,6.59,9464.0,56.5,48.5,62.3,57.7,80.1,71.0
2002-03-01,,,,,,6.57,9661.4,68.2,69.9,61.0,72.5,80.1,71.0
2002-04-01,,,,,,6.58,10006.6,58.8,62.7,60.4,63.6,80.1,71.0
2002-05-01,,,,,,6.46,10001.211111111112,48.9,51.8,67.4,62.8,80.1,71.0
2002-06-01,,,,,,6.47,9995.822222222223,68.7,64.4,60.5,59.3,80.1,71.0
2002-07-01,,,,,,6.48,9990.433333333334,57.0,51.0,58.7,54.3,80.1,71.0
2002-08-01,,,,,,6.41,9985.044444444446,58.5,62.0,62.4,53.6,80.1,71.0
2002-09-01,,,,,,6.46,9979.655555555555,68.0,66.8,76.0,74.6,80.1,71.0
2002-10-01,,,,,,6.44,9974.266666666666,51.5,55.8,64.9,66.8,80.1,71.0
2002-11-01,,,,,,6.41,9968.877777777778,60.8,62.9,66.5,65.8,80.1,71.0
2002-12-01,,,,,,6.41,9963.488888888889,58.2,59.6,65.8,78.2,80.1,71.0
2003-01-01,,,,,,6.35,9958.1,56.5,54.5,57.1,52.8,80.1,71.0
2003-02-01,,,,,,6.24,10073.4,36.6,32.6,57.3,54.7,80.1,71.0
2003-03-01,,,,,,6.37,10347.2,75.2,76.8,59.8,71.4,80.1,71.0
2003-04-01,,,,,,6.31,10568.5,60.8,64.8,60.2,62.5,80.1,71.0
2003-05-01,,,,,,6.18,10605.388888888889,59.2,58.5,54.7,49.9,80.1,71.0
2003-06-01,,,,,,6.18,10642.277777777777,78.7,76.9,56.8,56.4,80.1,71.0
2003-07-01,,,,,,6.14,10679.166666666666,56.6,52.8,54.1,50.0,80.1,71.0
2003-08-01,,,,,,5.99,10716.055555555555,63.2,64.1,51.3,44.9,80.1,71.0
2003-09-01,,,,,,5.95,10752.944444444445,58.0,57.2,53.3,52.4,80.1,71.0
2003-10-01,,,,,,5.99,10789.833333333334,60.2,65.0,46.3,47.0,80.1,71.0
2003-11-01,,,,,,6.11,10826.722222222223,56.8,56.4,46.3,45.4,80.1,71.0
2003-12-01,,,,,,6.18,10863.611111111111,49.0,54.1,40.7,48.7,80.1,71.0
2004-01-01,,,,,,6.23,10900.5,56.8,53.0,40.1,36.8,80.1,71.0
2004-02-01,,,,,,6.11,11103.5,60.6,53.9,49.6,48.4,80.1,71.0
2004-03-01,,,,,,6.13,11184.2,58.7,62.0,48.2,58.1,80.1,71.0
2004-04-01,,,,,,6.01,11574.3,50.9,52.3,42.9,43.4,80.1,71.0
2004-05-01,,,,,,5.95,11607.044444444444,64.8,62.0,32.2,29.1,80.1,71.0
2004-06-01,,,,,,6.08,11639.788888888888,53.9,56.9,40.2,40.9,80.1,71.0
2004-07-01,,,,,,5.97,11672.533333333333,52.9,49.7,50.3,46.2,80.1,71.0
2004-08-01,,,,,,5.86,11705.277777777777,62.2,64.9,54.8,49.7,80.1,71.0
2004-09-01,,,,,,5.77,11738.022222222222,53.3,50.9,51.1,50.2,80.1,71.0
2004-10-01,,,,,,5.73,11770.766666666666,54.6,60.7,50.8,51.1,80.1,71.0
2004-11-01,,,,,,5.63,11803.511111111111,53.3,54.6,53.3,52.6,80.1,71.0
2004-12-01,,,,,,5.54,11836.255555555555,57.4,63.5,57.8,68.1,80.1,71.0
2005-01-01,,,,,,5.64,11869.0,44.2,42.2,59.2,58.9,80.1,71.0
2005-02-01,,,,,,5.63,12079.3,56.3,50.8,52.9,54.8,80.1,71.0
2005-03-01,,,,,,5.65,12454.3,62.2,65.0,61.3,70.0,80.1,71.0
2005-04-01,,,,,,5.66,12729.8,56.1,55.8,62.1,56.8,80.1,71.0
2005-05-01,,,,,,5.57,12713.833333333332,57.9,59.1,55.1,49.2,80.1,71.0
2005-06-01,,,,,,5.6,12697.866666666667,58.2,61.1,52.3,54.2,80.1,71.0
2005-07-01,,,,,,5.58,12681.9,61.6,58.7,54.8,51.5,80.1,71.0
2005-08-01,,,,,,5.53,12665.933333333332,55.3,54.7,53.3,50.4,80.1,71.0
2005-09-01,,,,,,5.67,12649.966666666667,61.9,62.7,56.2,56.3,80.1,71.0
2005-10-01,,,,,,5.75,12634.0,61.7,59.6,54.8,54.8,80.1,71.0
2005-11-01,,,,,,5.75,12618.033333333333,59.9,59.3,52.5,50.7,80.1,71.0
2005-12-01,,,,,,5.8,12602.066666666668,63.5,70.7,52.3,58.7,80.1,71.0
2006-01-01,,,,,,5.85,12586.1,58.6,55.4,50.0,52.4,80.1,71.0
2006-02-01,,,,,,5.94,12797.5,61.3,54.5,55.9,53.9,80.1,71.0
2006-03-01,,,,,,5.99,12918.6,54.9,57.4,55.5,63.1,80.1,71.0
2006-04-01,,,,,,5.92,13314.2,64.9,65.7,55.9,52.2,80.1,71.0
2006-05-01,,,,,,5.99,13279.144444444446,64.2,66.9,52.9,48.3,80.1,71.0
2006-06-01,,,,,,6.09,13244.08888888889,60.5,63.5,51.8,54.0,80.1,71.0
2006-07-01,,,,,,6.16,13209.033333333335,54.0,51.7,47.7,44.8,80.1,71.0
2006-08-01,,,,,,6.2,13173.977777777778,57.9,57.2,56.1,52.9,80.1,71.0
2006-09-01,,,,,,6.21,13138.922222222223,59.0,60.2,54.2,54.8,80.1,71.0
2006-10-01,,,,,,6.18,13103.866666666667,67.3,65.8,54.2,54.7,80.1,71.0
2006-11-01,,,,,,6.16,13068.811111111112,63.8,63.3,57.1,55.0,80.1,71.0
2006-12-01,,,,,,6.3,13033.755555555555,60.8,67.6,89.0,99.5,80.1,71.0
2007-01-01,,,,,,6.39,12998.7,65.5,63.6,80.8,82.9,80.1,71.0
2007-02-01,,,,,,6.43,13169.4,68.8,59.4,85.4,84.4,80.1,71.0
2007-03-01,,,,,,6.41,13474.4,59.4,60.9,78.9,87.6,80.1,71.0
2007-04-01,,,,,,6.37,13811.9,64.6,66.7,72.8,69.2,80.1,71.0
2007-05-01,,,,,,6.51,13817.288888888888,61.5,65.3,76.9,72.6,80.1,71.0
2007-06-01,,,,,,6.47,13822.677777777777,66.9,67.4,63.8,64.5,80.1,71.0
2007-07-01,,,,,,6.46,13828.066666666666,66.8,64.2,70.0,66.0,80.1,71.0
2007-08-01,,,,,,6.59,13833.455555555554,70.3,69.4,70.0,65.8,80.1,71.0
2007-09-01,,,,,,6.74,13838.844444444445,71.2,72.1,60.2,60.1,80.1,71.0
2007-10-01,,,,,,6.82,13844.233333333334,72.1,70.8,69.9,70.7,80.1,71.0
2007-11-01,,,,,,6.82,13849.622222222222,75.2,75.1,66.3,63.5,80.1,71.0
2007-12-01,,,,,,7.16,13855.011111111111,84.0,91.4,66.9,72.6,80.1,71.0
2008-01-01,,,,,,7.26,13860.4,68.2,65.8,66.8,71.2,80.1,71.0
2008-02-01,,,,,,6.93,13863.3,73.6,65.1,58.7,57.5,80.1,71.0
2008-03-01,,,,,,6.92,13892.7,72.8,74.8,70.8,78.4,80.1,71.0
2008-04-01,,,,,,6.91,13867.7,78.0,80.3,62.6,59.5,80.1,71.0
2008-05-01,,,,,,6.96,13893.522222222224,80.1,81.6,58.2,53.6,80.1,71.0
2008-06-01,,,,,,7.04,13919.344444444445,76.5,78.6,63.5,66.1,80.1,71.0
2008-07-01,,,,,,7.12,13945.166666666668,74.0,72.9,62.9,61.1,80.1,71.0
2008-08-01,,,,,,7.3,13970.988888888889,80.6,77.8,61.8,56.3,80.1,71.0
2008-09-01,,,,,,7.44,13996.811111111112,74.6,75.5,65.2,64.2,80.1,71.0
2008-10-01,,,,,,7.8,14022.633333333333,73.5,72.3,60.5,60.8,80.1,71.0
2008-11-01,,,,,,7.51,14048.455555555556,67.8,66.6,59.5,55.5,80.1,71.0
2008-12-01,,,,,,6.87,14074.277777777777,68.4,77.4,57.2,64.1,80.1,71.0
2009-01-01,,,,,,5.94,14100.1,79.1,74.2,44.8,48.7,80.1,71.0
2009-02-01,,,,,,5.56,14374.1,74.0,65.8,56.9,54.0,80.1,71.0
2009-03-01,,,,,,5.48,14334.7,80.7,84.6,53.9,61.0,80.1,71.0
2009-04-01,,,,,,5.43,14588.6,68.7,69.1,59.2,55.5,80.1,71.0
2009-05-01,,,,,,5.43,14596.355555555556,65.1,65.0,61.0,56.0,80.1,71.0
2009-06-01,,,,,,5.53,14604.111111111111,77.5,83.0,62.1,67.8,80.1,71.0
2009-07-01,,,,,,5.53,14611.866666666667,56.4,55.7,59.2,58.4,80.1,71.0
2009-08-01,,,,,,5.6,14619.622222222222,58.8,57.8,64.2,58.5,80.1,71.0
2009-09-01,,,,,,5.78,14627.377777777778,75.2,76.1,62.5,60.3,80.1,71.0
2009-10-01,,,,,,5.84,14635.133333333333,66.8,65.8,61.2,61.1,80.1,71.0
2009-11-01,,,,,,5.84,14642.888888888889,69.8,70.3,63.0,59.5,80.1,71.0
2009-12-01,,,,,,5.79,14650.644444444444,77.2,87.2,66.2,73.7,80.1,71.0
2010-01-01,,,,,,5.92,14658.4,78.5,74.0,56.9,60.6,80.1,71.0
2010-02-01,,,,,,5.83,14718.2,77.9,67.3,69.7,67.5,80.1,71.0
2010-03-01,,,,,,5.74,14910.2,77.9,81.8,74.5,84.1,80.1,71.0
2010-04-01,,,,,,5.51,15202.1,83.5,85.5,66.7,65.1,80.1,71.0
2010-05-01,,,,,,5.48,15241.866666666667,75.4,78.3,72.0,70.0,80.1,71.0
2010-06-01,,,,,,5.4,15281.633333333333,80.9,84.9,74.1,78.7,80.1,71.0
2010-07-01,,,,,,5.45,15321.4,88.7,88.0,78.5,78.4,80.1,71.0
2010-08-01,,,,,,5.57,15361.166666666666,82.6,81.0,79.7,71.1,80.1,71.0
2010-09-01,,,,,,5.51,15400.933333333334,82.6,85.4,87.5,83.9,80.1,71.0
2010-10-01,,,,,,5.41,15440.7,81.6,79.1,87.8,84.9,80.1,71.0
2010-11-01,,,,,,5.4,15480.466666666667,89.7,90.6,107.0,100.0,80.1,71.0
2010-12-01,,,,,,5.52,15520.233333333334,87.9,101.2,76.9,88.3,80.1,71.0
2011-01-01,,,,,,5.71,15560.0,86.3,82.1,85.7,99.8,80.1,71.0
2011-02-01,,,,,,5.81,15564.2,82.8,73.5,82.8,78.1,80.1,71.0
2011-03-01,,,,,,5.96,15674.0,92.1,96.9,87.8,99.4,80.1,71.0
2011-04-01,,,,,,5.8,15760.3,90.5,90.4,92.2,89.5,80.1,71.0
2011-05-01,,,,,,5.83,15784.822222222221,94.0,95.3,93.9,90.2,80.1,71.0
2011-06-01,,,,,,5.89,15809.344444444443,94.2,98.8,95.2,99.6,80.1,71.0
2011-07-01,,,,,,5.98,15833.866666666667,94.1,92.0,97.1,95.4,80.1,71.0
2011-08-01,,,,,,5.92,15858.388888888889,91.3,89.1,106.5,93.2,80.1,71.0
2011-09-01,,,,,,5.87,15882.91111111111,87.6,87.9,84.1,76.6,80.1,71.0
2011-10-01,,,,,,5.86,15907.433333333332,88.8,87.3,85.2,81.9,80.1,71.0
2011-11-01,,,,,,5.9,15931.955555555556,95.3,96.4,86.6,80.1,80.1,71.0
2011-12-01,,,,,,5.81,15956.477777777778,92.6,102.4,72.4,81.6,80.1,71.0
2012-01-01,,,,,,5.83,15981.0,90.5,86.6,80.0,90.5,80.1,71.0
2012-02-01,,,,,,5.74,16315.4,99.6,87.4,88.8,88.8,80.1,71.0
2012-03-01,,,,,,5.79,16149.8,84.6,89.5,75.7,85.9,80.1,71.0
2012-04-01,,,,,,5.76,16399.6,86.9,86.6,85.2,84.0,80.1,71.0
2012-05-01,,,,,,5.74,16448.455555555553,93.5,94.3,86.4,83.3,80.1,71.0
2012-06-01,,,,,,5.67,16497.31111111111,96.8,101.6,85.8,87.6,80.1,71.0
2012-07-01,,,,,,5.53,16546.166666666664,102.3,100.6,83.1,81.0,80.1,71.0
2012-08-01,,,,,,5.36,16595.022222222222,94.0,91.3,72.2,62.7,80.1,71.0
2012-09-01,,,,,,5.3,16643.877777777776,103.8,102.7,71.4,62.5,80.1,71.0
2012-10-01,,,,,,5.08,16692.733333333334,101.6,101.5,80.1,77.3,80.1,71.0
2012-11-01,,,,,,5.05,16741.588888888888,103.4,104.9,83.4,76.4,80.1,71.0
2012-12-01,,,,,,5.01,16790.444444444445,83.7,91.2,74.7,85.4,80.1,71.0
2013-01-01,,,,,,5.04,16839.3,106.5,101.5,84.1,96.1,80.1,71.0
2013-02-01,,,,,,5.03,17216.0,99.1,86.6,81.4,82.9,80.1,71.0
2013-03-01,,,,,,4.86,17063.4,102.0,106.1,76.6,85.6,80.1,71.0
2013-04-01,,,,,,4.82,17068.9,105.7,105.2,80.9,80.2,80.1,71.0
2013-05-01,,,,,,4.73,17081.455555555556,109.5,110.0,77.1,73.5,80.1,71.0
2013-06-01,,,,,,4.7,17094.01111111111,106.4,109.2,72.0,70.5,80.1,71.0
2013-07-01,,,,,,4.69,17106.56666666667,108.2,108.5,73.6,71.8,80.1,71.0
2013-08-01,,,,,,4.61,17119.122222222224,113.0,107.0,76.7,65.1,80.1,71.0
2013-09-01,,,,,,4.59,17131.67777777778,102.4,105.2,75.6,68.3,80.1,71.0
2013-10-01,,,,,,4.56,17144.233333333334,117.8,118.3,72.6,69.3,80.1,71.0
2013-11-01,,,,,,4.58,17156.788888888892,116.6,116.4,69.9,62.4,80.1,71.0
2013-12-01,,,,,,4.67,17169.344444444447,89.6,102.1,78.3,96.2,80.1,71.0
2014-01-01,,,,,,4.62,17181.9,100.4,94.6,77.0,93.1,80.1,71.0
2014-02-01,,,,,,4.58,17292.1,109.0,95.7,72.9,72.2,80.1,71.0
2014-03-01,,,,,,4.57,17308.6,108.1,115.1,84.6,96.6,80.1,71.0
2014-04-01,,,,,,4.51,17428.9,107.7,109.4,73.0,74.1,80.1,71.0
2014-05-01,,,,,,4.5,17390.244444444445,108.7,106.5,73.1,67.0,80.1,71.0
2014-06-01,,,,,,4.53,17351.58888888889,104.6,109.4,71.4,70.1,80.1,71.0
2014-07-01,,,,,,4.54,17312.933333333334,101.7,102.1,72.0,68.5,80.1,71.0
2014-08-01,,,,,,4.35,17274.277777777777,103.3,97.5,72.8,62.6,80.1,71.0
2014-09-01,,,,,,4.28,17235.622222222224,114.7,114.9,77.1,68.4,80.1,71.0
2014-10-01,,,,,,4.14,17196.966666666667,109.2,115.1,78.2,76.6,80.1,71.0
2014-11-01,,,,,,4.02,17158.31111111111,105.0,105.4,75.6,67.2,80.1,71.0
2014-12-01,,,,,,4.07,17119.655555555557,102.7,117.6,76.4,96.4,80.1,71.0
2015-01-01,,,,,,4.02,17081.0,119.4,110.8,71.6,81.5,80.1,71.0
2015-02-01,,,,,,4.02,17150.5,123.6,107.5,73.0,76.8,75.2,67.4
2015-03-01,,,,,,3.81,17773.9,122.1,129.7,72.1,82.8,74.4,84.8
2015-04-01,,,,,,3.67,18103.1,113.8,115.5,70.9,71.7,66.1,70.8
2015-05-01,,,,,,3.71,18102.5,110.0,107.5,72.2,64.6,39.3,42.8
2015-06-01,,,,,,3.61,18101.899999999998,122.9,128.2,68.5,66.5,52.6,58.0
2015-07-01,,,,,,3.54,18101.3,112.8,113.3,69.8,65.0,67.4,69.4
2015-08-01,,,,,,3.57,18100.7,102.7,98.6,72.1,64.4,47.5,44.6
2015-09-01,,,,,,3.56,18100.1,108.2,108.3,68.7,61.2,42.2,38.7
2015-10-01,,,,,,3.57,18099.5,112.5,114.1,68.2,63.5,41.9,36.8
2015-11-01,,,,,,3.56,18098.9,107.6,110.9,67.8,61.7,44.9,43.3
2015-12-01,,,,,,3.62,18098.3,112.1,129.2,71.8,91.8,43.3,49.3
2016-01-01,,,,,,3.57,18097.7,105.7,98.1,65.8,76.3,44.1,40.6
2016-02-01,,,,,,3.57,18550.8,116.1,98.4,75.6,77.5,46.4,41.1
2016-03-01,,,,,,3.6,18935.8,121.4,128.6,72.4,83.4,49.3,56.2
2016-04-01,,,,,,3.55,18810.7,102.2,103.7,69.4,70.1,56.1,59.1
2016-05-01,,,,,,3.55,18815.833333333336,103.7,103.1,69.3,61.7,29.5,31.9
2016-06-01,,,,,,3.41,18820.966666666667,113.3,117.8,81.2,78.3,42.1,46.5
2016-07-01,,,,,,3.37,18826.100000000002,106.1,104.4,71.0,63.8,55.2,55.4
2016-08-01,,,,,,3.38,18831.233333333334,103.2,98.9,71.2,64.7,78.9,73.5
2016-09-01,,,,,,3.37,18836.36666666667,103.3,105.5,76.2,69.5,64.5,57.2
2016-10-01,,,,,,3.38,18841.5,111.8,111.5,75.0,67.8,66.4,60.5
2016-11-01,,,,,,3.45,18846.633333333335,113.8,117.9,77.4,70.7,67.1,64.4
2016-12-01,,,,,,3.54,18851.766666666666,117.7,139.7,70.0,91.7,90.4,102.0
2017-01-01,,,,,,3.55,18856.9,105.0,98.0,76.0,95.1,91.3,84.3
2017-02-01,,,,,,3.49,18741.9,112.0,99.6,86.2,88.1,93.2,83.4
2017-03-01,,,,,,3.53,19564.0,122.6,129.4,78.8,90.7,113.8,129.7
2017-04-01,,,,,,3.42,20046.2,124.9,121.6,78.3,76.1,107.5,112.5
2017-05-01,,,,,,3.45,20062.911111111112,117.4,116.2,76.8,66.8,124.6,134.6
2017-06-01,,,,,,3.45,20079.622222222224,123.3,127.9,82.5,79.5,140.3,155.6
2017-07-01,,,,,,3.44,20096.333333333332,113.5,111.8,100.1,89.4,126.3,124.7
2017-08-01,,,,,,3.44,20113.044444444444,121.8,116.7,87.0,80.0,125.2,115.5
2017-09-01,,,,,,3.48,20129.755555555555,129.0,129.4,92.5,83.2,139.1,128.2
2017-10-01,,,,,,3.45,20146.466666666667,105.5,107.1,77.1,70.5,94.7,83.9
2017-11-01,,,,,,3.54,20163.177777777775,113.3,118.2,82.7,76.1,128.0,122.0
2017-12-01,,,,,,3.64,20179.888888888887,116.4,131.3,89.5,109.0,149.3,168.2
2018-01-01,,,,,,3.68,20196.6,118.0,110.5,103.2,126.0,174.6,164.3
2018-02-01,,,,,,3.69,20152.2,111.7,96.0,80.8,83.9,160.1,142.5
2018-03-01,,,,,,3.66,20451.8,113.4,116.8,83.5,93.9,140.7,158.8
2018-04-01,,,,,,3.64,20441.9,109.3,110.7,85.2,86.8,141.7,148.0
2018-05-01,,,,,,3.66,20525.18888888889,115.9,116.7,84.4,73.9,115.4,124.2
2018-06-01,,,,,,3.63,20608.477777777778,111.5,113.0,83.1,78.5,97.3,107.3
2018-07-01,,,,,,3.64,20691.766666666666,111.9,112.7,86.2,78.4,82.7,81.2
2018-08-01,,,,,,3.62,20775.055555555555,112.6,108.0,88.5,82.0,74.3,67.2
2018-09-01,,,,,,3.62,20858.344444444447,109.6,107.1,81.0,71.4,101.9,96.9
2018-10-01,,,,,,3.65,20941.633333333335,110.0,113.0,85.0,78.3,87.1,76.5
2018-11-01,,,,,,3.69,21024.922222222223,105.6,111.1,90.3,83.5,76.8,72.2
2018-12-01,,,,,,3.77,21108.21111111111,98.4,114.8,94.7,116.1,72.0,83.9
2019-01-01,,,,,,3.81,21191.5,107.4,98.4,92.6,118.9,68.7,66.9
2019-02-01,,,,,,3.78,21380.1,96.9,82.4,90.6,88.7,57.9,50.2
2019-03-01,,,,,,3.71,21313.8,96.4,98.9,94.9,106.4,54.8,62.5
2019-04-01,,,,,,3.71,21690.4,103.6,104.8,95.8,97.8,79.0,83.1
2019-05-01,,,,,,3.67,21754.033333333333,109.4,107.6,94.9,80.8,64.0,67.9
2019-06-01,,,,,,3.58,21817.666666666668,104.3,103.2,97.2,89.9,59.1,65.8
2019-07-01,,,,,,3.52,21881.3,102.0,102.7,100.0,91.6,51.6,50.3
2019-08-01,,,,,,3.32,21944.933333333334,100.9,94.9,102.0,92.6,52.0,46.5
2019-09-01,,,,,,3.42,22008.566666666666,99.6,99.2,105.2,95.0,57.1,52.9
2019-10-01,,,,,,3.28,22072.2,97.8,100.2,113.7,103.9,60.5,55.0
2019-11-01,,,,,,3.29,22135.833333333332,98.7,102.8,101.8,92.7,52.5,49.5
2019-12-01,,,,,,3.36,22199.466666666667,97.5,117.6,101.4,124.8,66.3,78.6
2020-01-01,,,,,,3.32,22263.1,103.1,95.4,82.7,107.0,48.9,53.3
2020-02-01,,,,,,3.19,22335.4,103.8,86.2,68.9,69.6,93.5,84.4
2020-03-01,,,,,,2.94,21927.0,100.4,104.6,94.9,109.7,100.2,120.9
2020-04-01,,,,,,2.77,22689.8,107.4,108.3,107.4,110.2,94.7,103.9
2020-05-01,,,,,,2.83,22768.766666666666,93.9,90.3,125.8,105.5,117.3,129.7
2020-06-01,,,,,,2.75,22847.733333333334,97.3,100.0,104.3,101.7,109.4,124.2
2020-07-01,,,,,,2.74,22926.7,103.3,103.7,93.6,87.8,133.2,116.0
2020-08-01,,,,,,2.68,23005.666666666668,97.8,90.2,99.9,89.4,91.6,68.0
2020-09-01,,,,,,2.7,23084.63333333333,104.4,103.8,104.2,95.7,86.9,74.9
2020-10-01,,,,,,2.68,23163.6,88.5,90.5,107.7,98.8,85.3,64.8
2020-11-01,,,,,,2.72,23242.566666666666,99.3,104.2,110.9,102.3,109.3,97.9
2020-12-01,,,,,,2.73,23321.533333333333,100.7,122.8,99.8,122.4,129.8,161.9
2021-01-01,,,,,,2.69,23400.5,102.5,92.3,115.0,148.5,151.6,166.4
2021-02-01,,,,,,2.69,24099.3,106.5,89.8,105.0,108.6,153.9,135.1
2021-03-01,,,,,,2.74,24622.3,105.8,109.6,121.0,139.5,152.2,181.8
2021-04-01,,,,,,2.68,25391.3,117.1,115.3,113.2,112.6,180.3,196.1
2021-05-01,,,,,,2.67,25249.48888888889,111.5,107.2,146.2,121.7,137.2,151.0
2021-06-01,,,,,,2.72,25107.67777777778,145.3,149.0,105.1,103.0,138.1,156.3
2021-07-01,,,,,,2.69,24965.866666666665,121.8,119.5,106.8,99.6,198.0,170.6
2021-08-01,,,,,,2.78,24824.055555555555,142.7,137.4,111.9,103.8,148.8,109.4
2021-09-01,,,,,,2.88,24682.244444444445,120.8,120.3,115.3,106.6,126.0,110.7
2021-10-01,,,,,,2.94,24540.433333333334,105.0,107.2,110.7,100.5,137.7,103.4
2021-11-01,,,,,,3.12,24398.62222222222,120.7,130.4,113.6,107.1,139.9,128.8
2021-12-01,,,,,,3.14,24256.81111111111,138.6,174.6,109.7,135.7,134.5,175.8
2022-01-01,,,,,,3.3,24115.0,113.4,100.9,112.7,154.9,125.4,135.4
2022-02-01,,,,,,3.37,25096.1,116.6,98.9,140.3,139.7,122.7,109.6
2022-03-01,,,,,,3.39,25293.2,112.6,116.0,118.8,136.5,121.1,142.7
2022-04-01,,,,,,3.45,25282.6,110.0,108.0,117.6,115.1,113.9,120.4
2022-05-01,,,,,,3.6,25327.333333333332,117.5,113.0,133.7,110.3,155.7,168.4
2022-06-01,,,,,,3.84,25372.066666666666,112.7,115.5,112.7,110.9,159.7,179.1
2022-07-01,,,,,,4.12,25416.8,117.9,115.5,127.5,120.7,168.5,144.6
2022-08-01,,,,,,4.46,25461.533333333333,128.0,123.5,118.1,109.0,196.6,143.9
2022-09-01,,,,,,4.66,25506.266666666666,117.2,115.9,113.8,105.5,150.1,129.6
2022-10-01,,,,,,5.27,25551.0,120.0,118.5,112.3,97.3,150.9,118.2
2022-11-01,,,,,,5.67,25595.733333333334,128.9,140.1,107.8,101.1,177.1,167.3
2022-12-01,,,,,,5.56,25640.466666666667,131.5,160.3,88.5,104.7,169.0,222.1
2023-01-01,,,,,,5.47,25685.2,115.2,104.8,97.9,132.5,95.2,105.2
2023-02-01,,,,,,5.36,25662.7,119.6,98.4,100.5,103.6,144.5,121.2
2023-03-01,,,,,,5.25,26451.3,116.7,119.8,94.7,108.6,151.9,174.5
2023-04-01,,,,,,5.09,26605.1,112.4,109.9,95.5,92.2,163.4,174.4
2023-05-01,,,,,,5.2,26588.777777777777,121.1,116.3,92.5,75.7,148.8,159.8
2023-06-01,,,,,,5.32,26572.455555555556,120.3,120.6,96.5,93.4,139.1,153.1
2023-07-01,,,,,,5.25,26556.13333333333,122.3,119.9,96.5,92.6,130.9,113.2
2023-08-01,,,,,,5.21,26539.81111111111,131.5,126.7,86.6,79.7,134.3,98.1
2023-09-01,,,,,,5.27,26523.48888888889,117.8,115.2,92.8,84.9,129.8,116.3
2023-10-01,,,,,,5.33,26507.166666666668,125.9,128.5,90.7,81.1,121.1,94.1
2023-11-01,,,,,,5.36,26490.844444444443,125.9,137.6,81.1,75.7,116.1,111.9
2023-12-01,,,,,,5.29,26474.522222222222,124.6,153.1,96.1,113.7,133.8,181.6
2024-01-01,,,,,,5.22,26458.2,118.8,107.4,99.5,135.2,125.2,134.0
2024-02-01,,,,,,5.03,25696.0,116.3,95.4,96.1,99.8,164.5,136.9
2024-03-01,,,,,,4.96,26217.0,121.4,121.7,94.4,105.7,124.5,141.0
2024-04-01,,,,,,4.88,26588.8,124.5,124.0,91.2,88.9,122.0,129.7
2024-05-01,,,,,,4.9,26609.155555555553,121.2,121.1,92.4,78.0,108.8,114.3
2024-06-01,,,,,,4.88,26629.51111111111,126.6,127.1,124.7,120.9,132.1,142.8
2024-07-01,,,,,,4.78,26649.866666666665,114.9,114.9,94.8,93.8,139.9,120.5
2024-08-01,,,,,,4.67,26670.222222222223,112.6,108.6,98.4,90.6,141.1,102.2
2024-09-01,,,,,,4.77,26690.577777777777,116.2,113.6,97.9,89.8,197.8,182.1
2024-10-01,,,,,,4.71,26710.933333333334,116.4,118.7,97.9,87.3,190.8,150.2
2024-11-01,,,,,,4.76,26731.28888888889,114.7,125.7,100.5,93.0,190.2,183.9
2024-12-01,,,,,,4.62,26751.644444444446,131.1,162.2,104.0,123.5,169.8,235.3
2025-01-01,,,,,,4.5,26772.0,101.1,88.4,102.1,142.8,114.5,125.0
2025-02-01,,,,,,4.43,26562.4,124.2,106.6,103.1,106.8,190.9,153.0
2025-03-01,,,,,,4.32,26562.4,142.0,145.4,88.1,100.3,212.3,240.7
2025-04-01,,,,,,4.14,26562.4,124.8,119.0,126.2,117.8,141.8,150.3
2025-05-01,,,,,,4.16,26562.4,115.0,112.5,132.7,109.0,125.3,129.5
2025-06-01,,,,,,4.06,26562.4,125.8,129.0,89.7,89.1,148.5,163.1
2025-07-01,,,,,,4.04,26562.4,126.6,126.3,94.3,93.7,152.3,130.8
2025-08-01,,,,,,4.04,26562.4,126.6,126.3,94.3,93.7,152.3,130.8
2025-09-01,,,,,,4.04,26562.4,126.6,126.3,94.3,93.7,152.3,130.8
2025-10-01,,,,,,4.04,26562.4,126.6,126.3,94.3,93.7,152.3,130.8
2025-11-01,,,,,,4.04,26562.4,126.6,126.3,94.3,93.7,152.3,130.8
2025-12-01,,,,,,4.04,26562.4,126.6,126.3,94.3,93.7,152.3,130.8
